<?xml version="1.0" encoding="UTF-8"?>

<configuration name="T1SDemoBoard">
    <!--First 64-bytes are "general purpose" configuration fields-->
    <register name="CONFIG_FORMAT_MAJOR" value="1"/>
    <register name="CONFIG_FORMAT_MINOR" value="9"/>
    <register name="CONFIG_FORMAT_BUILD" value="63"/>
    <register name="INSTANCE" value="0"/>
    <register name="HARDWARE_MOD" value="0x00"/>
    <register name="USB_ENUMERATION" value="0x05"/>
    <register name="MSD_SETTINGS" value="0x00"/>
	<register name="CLICK_ME_TYPE" value="0x00"/>
    <register name="TARGET_DEBUG_INTERFACES" value="0x00000002"/>
    <register name="TARGET_DEBUG_FEATURES" value="0x07"/>
    <register name="ID_CHANNELS" value="0x00"/>
    <register name="DGI_INTERFACES" value="0x00"/>
    <register name="DGI_GPIO_MAP" value="0x00"/>
    <register name="I2C_ADDR_0" value="0x00"/>
    <register name="I2C_ADDR_1" value="0x00"/>
    <register name="ANALOG_FEATURES" value="0x0002"/>
    <register name="VMIN" value="20"/>
    <register name="VMAX" value="36"/>
    <register name="VTG" value="33"/>
    <register name="VREG" value="0x00"/>
    <register name="LABS" value="0x0000"/>
    <register name="KITNAME" value="10BASE-T1S Demo Board"/>
    <register name="MNFRNAME" value="Microchip"/>
    <register name="DEVNAME" value="ATSAME53J20A"/>
    <register name="SERNUM" value="FFFFFFFFFFFFFFFFFFFF"/>
    <register name="REDIRECT" value="9999"/>
    <register name="DATE" value="20210924"/>
    <register name="KEY1_TYPE" value="0x00"/>
    <register name="KEY2_TYPE" value="0x00"/>
    <register name="KEY3_TYPE" value="0x00"/>
    <register name="KEY4_TYPE" value="0x00"/>
    <register name="KEY1_LEN" value="0x00"/>
    <register name="KEY2_LEN" value="0x00"/>
    <register name="KEY3_LEN" value="0x00"/>
    <register name="KEY4_LEN" value="0x00"/>
    <register name="KEY1" value="00"/>
    <register name="KEY2" value="00"/>
    <register name="KEY3" value="00"/>
    <register name="KEY4" value="00"/>
</configuration>